owner,cable_count
Google,34
Orange,29
Sparkle,22
BT,22
Vodafone,20
Meta,19
Tata Communications,19
Singtel,19
Telekom Malaysia,19
Liberty Networks,18
Telkom Indonesia,18
Telefonica,17
AT&T,17
China Telecom,16
Chunghwa Telecom,16
NTT,15
Telstra,15
Telecom Egypt,14
XLSmart,14
China Mobile,13
China Unicom,13
GlobalConnect,13
EXA Infrastructure,12
Verizon,12
Arelion,12
e&,11
KT,10
Softbank,10
Moratelindo,10
Telxius,10
center3,9
KDDI,9
PCCW,9
National Telecom,9
Altice Portugal,9
Zain Omantel International,8
Microsoft,8
PLDT,8
Bharti Airtel,8
Globe Telecom,8
Telin,8
Djibouti Telecom,7
GCI Communication Corp,7
Indosat Ooredoo,7
Mauritius Telecom,7
Rostelecom,7
SETAR,6
Zayo,6
TIME dotCom,6
Viettel Corporation,6
Colt,6
TDC Group,6
Hawaiian Telcom,6
Triasmitra,6
Entidade Administradora da Faixa (EAF),6
Bayobab,5
Grid Telecom,5
Ooredoo,5
Amazon Web Services,5
Maroc Telecom,5
Sri Lanka Telecom,5
Cyta,5
euNetworks,5
Dhiraagu,5
Liquid Intelligent Technologies,5
Telkom South Africa,5
FLAG,5
OPT,5
OPT French Polynesia,5
Camtel,5
TeleYemen,4
Mobily,4
Pakistan Telecommunications Company Ltd.,4
Syrian Telecommunications Establishment,4
América Móvil (Claro),4
Bell Canada,4
Starhub,4
SUBCO,4
Reliance Jio Infocomm,4
VNPT International,4
Unified National Networks (UNN),4
Vocus Communications,4
Lebanese Ministry of Telecommunications,4
Bharat Sanchar Nigam Ltd. (BSNL),4
Antel Uruguay,4
Okinawa Prefecture,4
Ooredoo Maldives,4
Libya International Telecommunications Company,4
Tampnet,4
Bulk Infrastructure,4
Lightstorm,4
Whidbey Telecom,4
Orange Cote d’Ivoire,3
Inc.,3
United Telecommunication Services (UTS),3
Claro Dominicana (Codetel),3
LG Uplus,3
Bahamas Telecommunications Company,3
CANTV,3
Spark New Zealand,3
Comores Telecom,3
Telenor,3
Cabo Verde Telecom (CVT),3
Deutsche Telekom,3
Shefa,3
Digicel,3
GITGE (Gestor de Infraestructuras de Telecomunicaciones de Guinea Ecuatorial),3
Federated States of Micronesia Telecommunications Cable Corporation (FSMTCC),3
PNG DataCo Limited,3
Farice,3
Telkom Kenya,3
Elisa Corporation,3
Sudatel,3
Tamaani Internet,3
Telia Eesti (formerly Eesti Telekom,3
EMT,3
Elion),3
Cordova Telecom Cooperative,3
Grupo Gtd,3
V.tal,3
Sure,3
BW Digital,3
Australia’s Academic and Research Network (AARNET),3
Telmex,3
Bandwidth and Cloud Services (BCS),3
Cirion Technologies,3
Angola Cables,3
Algerie Telecom,3
Indonesian Government,3
Cogent,3
Telecom Namibia,3
Bangladesh Submarine Cable Company Limited (BSCCL),3
Transworld,3
Southern Cross Cable Network,3
Hydro-Québec,3
Telus,3
WIOCC,2
Tokyo Metropolitan Government,2
Alaska Communications,2
Solomon Island Submarine Cable Company,2
ALBtelecom,2
Hrvatski Telekom,2
Canalink,2
Republic of Gabon,2
Sonatel,2
Rogers Communications,2
Antelecom,2
Exelera,2
HKBN,2
Singtel Optus,2
One NZ,2
Belize Telemedia,2
Hondutel,2
Space Norway,2
OTEGLOBE,2
Eastern Telecom,2
DITO Telecommunity,2
Matrix NAP Info,2
Arteria,2
Dreamline,2
IslaLink,2
Super Sistem (PT Super Sistem Data),2
Dialog Axiata,2
Embratel,2
A1 Telekom Austria,2
Telconet,2
CW Jamaica,2
Converge ICT,2
Crosslake Fibre,2
Tele2,2
SK Broadband,2
Telma (Telecom Malagasy),2
Vodacom DRC,2
Guyana Telephone and Telegraph (GT&T),2
Eastern Light,2
EllaLink,2
EMC Subsea Cable Company Limited,2
Energinet,2
Miranda Media,2
du,2
Bahrain Telecommunications Company (Batelco),2
Kuwait Ministry of Communications,2
Société Réunionnaise du Radiotéléphone,2
GO plc,2
Tusass A/S,2
U.S. Government,2
Gulf Bridge International,2
Tunisia Telecom,2
Marshall Islands Telecommunications Authority,2
TTK,2
Superloop,2
Stadtwerke Konstanz,2
Telecommunication Infrastructure Company of Iran,2
123NET,2
Peninsula Fiber Network (PFN),2
Emtel,2
Orange Madagascar,2
Samoa Submarine Cable Company,2
Quintillion,2
Aquamar Group,2
ICOM Telecom,2
SEA Telecom,2
Okinawa Cellular Telephone Company,2
KystTele,2
Government of Brazil,2
Angola Telecom,2
BICS,2
Ghana Telecommunications Company,2
KPN,2
NATCOM (Nigeria),2
SEACOM,2
Alaska Power & Telephone Company Wireless (APTW),2
Virgin Media Business,2
Midgard Infra,2
Cable Submarine de Canarias,2
Turk Telekom,2
G42,1
Cable Consortium of Liberia,1
Dolphin Telecom,1
GUILAB,1
Gambia Submarine Cable Company,1
International Mauritania Telecom,1
Orange Cameroun,1
Orange Mali,1
Republic of Cameroon,1
Republic of Equatorial Guinea,1
Republic of Guinea Bissau,1
SBIN (Société Béninoise des Infrastructures Numériques du Bénin),1
STP Cabo,1
Sierra Leone Cable Company,1
Zamani Telecom,1
Unicom,1
Telecom Venezuela,1
Transbit,1
Liban Telecom,1
Ledcor Industries Inc.,1
Etisalat Group,1
Altice Dominicana,1
Alestra,1
Enitel,1
ICE (Kolbi),1
InterNexa,1
Orbinet Overseas,1
RACSA,1
Telecomunicaciones Ultramarinas de Puerto Rico,1
Telepuerto San Isidro,1
Tigo Colombia,1
Tricom USA,1
Empresa de Telecomunicaciones de Cuba,1
ARSAT,1
Hyalroute,1
Metfone,1
Retelit,1
Ezecom,1
Saigon Postel Corporation,1
Inligo Networks,1
FPT Telecom,1
VNPT,1
Docomo Pacific,1
STOI,1
Awashimaura Village,1
Bermuda Telephone Company (BTC),1
Caribbean Crossings,1
CITIC Telecom International,1
Orange Polska,1
Slovak Telekom,1
Ukrtelecom,1
CdNet Communications,1
Metacore Subcom,1
Summit Communications,1
Valencia Digital Port Connect,1
Basslink Telecoms,1
Irix Sdn Bhd,1
Firmus,1
Telecom Argentina,1
Keppel T&T,1
Biznet,1
Manx Telecom,1
Cinia Oy,1
IT3,1
IPS,1
Caucasus Online,1
CW Cayman,1
APUA,1
ATN International,1
JTGlobal,1
Relined,1
Télébec,1
Connected Coast Network Partnership,1
Transpower NZ,1
NaiTel,1
Cross Sound Cable Company,1
Safaricom,1
Ooredoo Tunisie,1
Orange Tunisie,1
Hormuud Telecom Somalia,1
Somtel International,1
GTD España,1
Manx Electricity Authority,1
4iG Group,1
BwebwerikiNET Limited (BNL),1
Nauru Fibre Cable Corporation,1
Sacofa,1
Botswana Fibre Networks,1
Tanzania Telecommunication Corporation,1
Zambia Telecom,1
Epic,1
Esat BT,1
Gibtelecom,1
Kalaam Telecom,1
Lyse Tele AS,1
Entel Bolivia,1
Subtel,1
Viatel,1
Comoros Cables,1
Eirgrid,1
FOPTNET,1
GEO-METRIA,1
Globacom Limited,1
Loret Group,1
Regional Councel of Guadeloupe,1
Megacable,1
Golis Telecommunications,1
Telesom,1
Hannon Armstrong,1
Lumen,1
Ocean Networks,1
University of Hawai’i,1
Rakuten,1
Intra‑Asia Marine Networks Co.,1
Ltd.,1
Ogero,1
PT Jejaring Mitra Persada,1
CIEG,1
Interchange,1
IOEMA Fibre,1
ION Network,1
Axiom Technologies,1
Partner Communications Company,1
WIS Telecom,1
Monaco Telecom,1
CCSI,1
Regione Sardegne,1
Tiscali,1
WINDTRE,1
KCTV Jeju Broadcasting,1
SK Telecom (SKT),1
Bezeq International Ltd.,1
Seren Juno,1
Turk Telekom International,1
SA Power Networks,1
Neqsol Holding,1
Ketchican Public Utilities,1
QTNet,1
Common Tower Technologies Sdn Bhd,1
Tet,1
ASTCA,1
Libyan Post,1
Telecommunications and Information Technology Company (LPTIC Holding),1
Sikt,1
Alaska Power & Telephone Company (AP&T),1
MainOne - An Equinix Company,1
Symphony,1
Telcotech,1
Gozo Fibre Optic Cable Ltd.,1
Government of Malta,1
Avaroa Cable Ltd.,1
Telecom Niue,1
Gold Data,1
PTI Pacifica,1
Matrix Networks,1
Ufinet,1
Orascom Telecom Holding,1
SIPARTECH Sarl,1
AFRIX Telecom,1
Melita,1
***Canal+ Telecom***,1
CEB Fibernet,1
SFR,1
Zeop (incl. Reunicable),1
Mishima Village,1
Orient Link,1
Algar Telecom,1
AsiaHub1,1
NOR5KE Fibre AS,1
Telecoms Infrastructure Corporation of the Philippines (TelicPhil),1
IP Telecom,1
NO-UK COM AS,1
Hawaiki Submarine Cable LP,1
Litgrid,1
Svenska Kraftnät,1
BR.Digital Telecom,1
Wirelink,1
Alloha Fibra,1
BR Fibra,1
Ozônio Telecom,1
PPLink,1
TIM Brasil,1
Você Telecom,1
Copper Valley Telecom,1
Pacific Crossing,1
Telekom PT SmartFren,1
Corporacion Nacional de Telecomunicaciones (CNT),1
FiberStar,1
Peace Cable International Network Co. Ltd.,1
Eastlink,1
PGASCOM,1
Infinivan Inc.,1
Infratel Italia,1
Pishgaman Kavir,1
Telikom Papua New Guinea,1
Russian Government,1
Ocean Specialists,1
Inc (OSI),1
Virgin Islands Water and Power Authority,1
Red Electrica,1
Corsica Haut Débit,1
Government of the Netherlands,1
American Samoa Government,1
Elandia,1
Energía Integral Andina,1
Free,1
SBIN (La Société Béninoise d’Infrastructures Numériques),1
The Arab Investment Company,1
GTA TeleGuam,1
National Grid,1
Seaborn Networks,1
Myanmar Post and Telecommunication (MPT),1
SEAX,1
Sénégal Numérique SA,1
Seychelles Cable System Ltd.,1
Government of Cambodia,1
Dauphin Telecom,1
TelEm Group,1
Statnett,1
eir,1
National Grid Corporation of the Philippines,1
DongHwa Telecom,1
True Corporation,1
French Authority of St. Pierre and Miquelon,1
Virgin Islands Next Generation Networks,1
Telesur,1
GN Great Nordic,1
Latvia State Radio and Television Centre,1
National Electric Power Company of Jordan,1
Altice USA,1
Far EasTone (FET),1
Taiwan International Gateway Corporation,1
Taiwan Mobile,1
Trans Americas Fiber,1
Prima,1
Datagrid New Zealand,1
TEAMS Ltd.,1
Government of Timor-Leste,1
iAdvantage,1
Teletok,1
Digicel Tonga,1
Government of Tonga,1
Tonga Communications Corporation,1
Tonga Cable Limited,1
TAP AG,1
Azertelecom,1
Kazakhtelecom,1
Trans Indonesia Supercorridor,1
Alliance Telecommunications,1
TSTT,1
Vivacom,1
Campana Group,1
Unitel (Angola),1
Azimut,1
Unidata,1
Tuvalu Telecommunications Corporation (TTC),1
Broadband Infraco,1
Cape Verde Telecom,1
Congo Telecom,1
Office Congolais de Poste et Télécommunication,1
Togo Telecom,1
Vodafone Espana,1
Vodafone Ghana,1
E-Networks Inc.,1
